Rank,Score,SubmissionCount,log_submissions,team_size,days_since_start,score_per_submission,anomaly_score,evaded_detection
2642.1964619327755,0.93325996,-11.11626612328157,0.7390915414188144,2.0604844877911956,112.00523669061215,0.7481391222200112,0.5518347366855583,True
3772.2938523721314,0.93325996,23.3714767502019,1.7205374068935144,0.6307581821373457,94.11185295908457,0.4534981602443389,0.49542432541111414,True
2346.008673221091,0.93325996,-0.995275466852739,2.3413188018555537,0.7052862936270825,109.40405696171808,0.09802237797672708,0.4335724440639007,True
4436.144063490349,0.93325996,39.43915276933913,3.049665523263072,1.4193884262758243,121.4298834900146,0.011873014868325538,0.4629579060049048,True
2445.9635405235404,0.93325996,7.454187757710907,2.5293978896709888,1.5200566122645325,158.68527504282957,0.1924350124062772,0.46650197916767866,True
1142.5345212983993,0.93325996,36.66780771105802,3.434169721794618,0.9095546555445962,104.95801154089182,-0.08380594619861645,0.48158437281157906,True
4407.888826013862,0.93325996,14.213464506935011,1.909324020201561,0.635396652737813,111.66823667332096,0.27945553481536445,0.4515931870210405,True
3073.9646234369006,0.93325996,17.588600735327987,3.21332212282634,1.4562462847897442,127.53611069845653,-0.04939937823170107,0.4548319556094201,True
3697.812399194836,0.93325996,58.05807580434941,2.736968416470382,2.070129496735283,116.5097170992322,0.3743863137090541,0.5626338864110165,True
2130.3189003767925,0.93325996,30.91893648333591,3.0460864788974287,1.5145156635989687,140.89894564735027,-0.04548387035072268,0.4638308830917426,True
5517.889037412259,0.93325996,-11.46289717031119,0.5083591268695999,0.8563074379165945,68.49803133040966,0.495409830144239,0.5108929974905274,True
2908.5076024915943,0.93325996,36.84523450184818,2.5374327516435686,1.5205652681621764,116.96086802820827,0.3102340502532975,0.49280670945283817,True
5372.931552909382,0.93325996,20.840131356379658,2.0510734756998423,0.8462966213456038,100.83832931674476,0.22716542138789236,0.47778564669711693,True
3375.9862189813,0.93325996,7.763491418121152,2.8350600489257873,2.009859603875198,103.3279755109671,0.11976289853692218,0.49821830032111475,True
2469.2423151301473,0.93325996,5.727093195195815,0.9385965247098806,1.1856300676267566,95.22379616493123,0.5148541014712339,0.5013581171684108,True
3570.488446153075,0.93325996,-2.2891899654684096,0.790245390004511,1.9186743885850546,90.19113609501514,0.5513222268444703,0.5424488367224807,True
4277.701492371196,0.93325996,-22.371036436134624,1.0839023190554549,0.9078163997324683,86.757211261043,0.3715266257420653,0.4511924674404364,True
3632.1977993691125,0.93325996,-10.193133998338887,1.1454279074015785,0.3001095547453734,97.80653425616103,0.31448180183000923,0.449151376220028,True
533.9654479286828,0.93325996,13.781542436292389,2.813756498283448,1.412632137677315,95.38202737178507,0.26969943432827714,0.5219500584840858,True
3600.9175926081143,0.93325996,-6.571159139503749,0.9610874522891169,0.5324377142351453,70.65050721592362,0.3077440471798566,0.47775074227444503,True
2442.5738163241285,0.93325996,23.81675726631611,1.936240260392433,1.4934952473893994,63.706418260228375,0.45638209578920663,0.5542209243573282,True
3453.2697811030025,0.93325996,38.241610766171874,3.0215879113719435,1.787521022483694,129.03192877700874,0.3049723108025628,0.5060705625515278,True
3295.0893274585883,0.93325996,55.34083588697045,2.9290475049319107,1.472329862590228,139.64391889196742,0.37947065354639975,0.5062738949814723,True
4516.921916423185,0.93325996,66.96168140671662,3.057172126824493,1.684086013865891,122.85882319984279,0.142159312521971,0.5213271936092486,True
3481.8717483037176,0.93325996,22.30929967236431,1.9713171906960176,1.3359758011305265,98.52418953577022,0.49226036351435776,0.5110309491812131,True
2883.143629347619,0.93325996,53.17916147612018,3.5329683575356428,1.1341979705049081,139.26060856119477,-0.13352660701459998,0.4644781333746683,True
3944.8262271018625,0.93325996,33.18067595975549,1.849134302469899,0.9906877153757268,132.08879960987338,0.5844283977502882,0.49700595300404515,True
193.15376634901804,0.93325996,76.29901751173091,4.839789444066908,0.6187792603886564,147.84577610939124,-0.0800147747558306,0.523627034424519,True
2026.177369874097,0.93325996,15.638213636365146,2.3076811940084454,0.9814822823545548,111.24326330078296,0.04765487166255378,0.428302876683205,True
2024.7285656949712,0.93325996,-21.212609894031694,1.4374002453474177,1.739099783672053,86.09214459335377,0.39636912533641744,0.5284640308480826,True
1530.0055177237834,0.93325996,-2.831897796510898,1.895696023145161,1.306914594920317,100.40509717990706,0.14185752112405786,0.4697170706903766,True
763.2725300982493,0.93325996,36.39232677972775,3.098898393936032,1.0933903189219543,108.60200369834844,0.08241408235413708,0.46878397790380616,True
3032.286030335065,0.93325996,-4.8149929346321585,0.6494562238514987,1.4963911087200823,159.53423266537385,0.6384470394899427,0.5230173317310588,True
4271.806471567088,0.93325996,4.561402781602878,2.3479470830535236,1.5453434942805873,132.392838943353,0.35605237147955365,0.4728251943633929,True
5129.938127976479,0.93325996,3.9726565921333794,1.4400805783380812,1.9834863260605595,79.91081332448847,0.6135535856482034,0.5533333226924517,True
5539.284914639238,0.93325996,-41.91180564539691,-1.612101718135333,1.397164441153669,116.71798687570335,1.1619257206839018,0.5328225765224929,True
51.09367279510434,0.93325996,16.781613067619507,1.9790397363493493,0.8733910978324252,107.41747022923633,0.4405733891364637,0.5314764364163498,True
5698.60129892582,0.93325996,0.25304483863233784,1.1464451736354382,1.3203634235193908,92.17677514129879,0.4006942388357644,0.4940441567080145,True
2914.116290386751,0.93325996,26.52525652645551,2.492615271047221,1.5683184447788143,119.17973449594352,0.17391573262791804,0.4793283394528289,True
-611.5786517641441,0.93325996,71.30076837437564,4.833543331182552,2.0526956806211456,159.11668697313206,-0.36145003002109566,0.56332387708211,True
2322.847145639619,0.93325996,-27.117391814006886,0.5603388206213968,1.6016719367587,106.151689017147,0.6046659014766287,0.5404956039566577,True
3101.3367699120595,0.93325996,12.655513772898539,2.1142940260054397,1.0601689794420097,106.11591523242099,0.014499909955335927,0.43439890149428884,True
3627.8830500231525,0.93325996,15.56588967015294,2.269018742980656,2.1177193038241384,117.52924078963555,0.19525748100088236,0.5082517160784141,True
5988.080137947663,0.93325996,24.079606685054102,2.121203203744829,1.687147689117803,106.01071466409489,0.3251911559457434,0.545723602552109,True
2137.0206553993016,0.93325996,49.57544457255051,3.4222235349715007,0.34884237662617723,162.57702489865449,0.010354356057276026,0.45703615196896735,True
3736.5176880209387,0.93325996,23.707458469810305,1.5411071793386608,1.6846013770934518,98.20071067958075,0.40753150392543225,0.5191116346294311,True
1065.8172441599868,0.93325996,26.550567719972328,2.457635894253122,2.0733220277861584,164.1743087840643,0.25159042306224216,0.505666350627137,True
4140.251538288571,0.93325996,38.744464867124805,3.319303888209939,1.8334150128721838,140.7668751650673,-0.04540418953727102,0.5000854869874297,True
4418.162919319036,0.93325996,4.209502342420064,1.298563223741565,2.3202924336628254,130.7979794392905,0.40576483012309017,0.5273943050320443,True
2444.046174688844,0.93325996,81.77904607908977,4.628675813623795,1.0085037013486209,103.28993618036043,0.09270183487826439,0.5503778418011191,True
2526.7623351785833,0.93325996,47.07012298092137,2.7456871971746546,0.5905882717246714,117.43770061988329,0.2454751057721298,0.47567024276644404,True
2704.768720419149,0.93325996,2.6355803487997562,1.7763641898609337,0.8955953453778245,98.75484947037147,0.1616311728368008,0.4391007857443387,True
3424.626028023,0.93325996,57.96254099796378,3.9471136789602412,1.2017496198259268,119.67504664028408,-0.1962251362576539,0.5015839795968128,True
778.8484925189032,0.93325996,41.71986885916489,3.186287648845402,-0.00026268388740913196,150.08935528850006,0.10402815764292833,0.46181557667194495,True
277.64419687794907,0.93325996,23.381216316025295,1.821382581315429,1.9652419179988323,120.29848592369669,0.6226323895721652,0.5790720530614474,True
4641.987006125475,0.93325996,12.887538784690637,1.8338943574855844,1.8701679120668535,120.71342483782867,0.6096118986723247,0.53073085530856,True
4055.4203995925036,0.93325996,14.813323081606486,2.1000401504535455,0.7345538149991284,126.77621391327604,0.21959733859809075,0.4397791477119963,True
4479.069239475935,0.93325996,3.609188550983463,1.0847223913304196,1.2363334737595373,106.66361411633069,0.43998852431341146,0.45926663713824645,True
3410.892406530914,0.93325996,57.469822553606186,4.038384242489892,2.084577999357113,88.4733302918425,0.1774205233425591,0.5794990850189687,True
1833.1274583254271,0.93325996,16.98930906624441,1.7567061966708784,0.3678586670311307,117.26886730866914,0.4584799397561393,0.4901484038955238,True
3029.0548850953346,0.93325996,6.31929532346564,2.611585804914494,1.6692253280245883,89.89817245712496,0.10519464450366983,0.4745859113478529,True
65.4471116120676,0.93325996,0.5238648890974815,2.6221320168174893,0.9634542363433423,112.5758155171979,0.046976298895055696,0.47179559978878854,True
1507.5914537454448,0.93325996,19.948327937206322,2.95401260991522,1.5816169697342763,101.3525566799783,-0.00732283247152829,0.4925291780523948,True
2598.9161867949824,0.93325996,14.283058403800025,2.4415291144430356,2.020352705263522,142.7398887277157,0.013005699804852333,0.47905431152850864,True
1168.8093586097386,0.93325996,39.727496998834496,2.9518145693087763,0.16323619920998167,124.46056278202897,-0.08637664961413352,0.4558431046108922,True
2905.5882648608376,0.93325996,53.09319391247101,3.096931319402116,1.2205981402617099,114.32063275767986,0.1305505927477424,0.486882481997526,True
6088.84074129828,0.93325996,-33.83552416187754,0.17492023525984468,1.070211493357138,48.59551876571228,0.3202190907210262,0.5450929086606964,True
4947.570983368914,0.93325996,19.52255246507301,2.2062310279159387,1.0317428506029869,101.81566742816594,0.13552137836560058,0.45139918783775557,True
1260.8316075414104,0.93325996,3.2672056766648527,0.238297031148893,0.7983416209831606,103.95211548439438,0.6930189629911705,0.5220480679440921,True
2140.0603258743718,0.93325996,24.4353352152119,3.052650068734224,0.9991584782469294,112.83209556415993,0.14743766908831527,0.44894026837289197,True
1222.1288189740117,0.93325996,40.7881548539454,2.791972720333388,1.367150206793737,121.27895784653724,0.09428025582991806,0.46938539850126165,True
3807.1235201261698,0.93325996,-14.082284015116798,0.03416652541009402,0.36966608736382534,53.736895383074184,0.8442919256297736,0.5541145766604783,True
8591.097725837426,0.93325996,-54.26449211012843,-0.7046791298844317,1.2035327809919023,120.9742219111763,0.5510017884915007,0.5307692284732444,True
3737.9007996269447,0.93325996,17.51913710736175,1.6402976766933342,0.8861780975697935,109.27415638916213,0.3304387681033959,0.46424613399108616,True
1563.50271799849,0.93325996,74.93665946139328,4.8228820012850715,0.667705190018436,126.45931307983288,-0.18652948623761925,0.525428479317677,True
4002.4086145799456,0.93325996,44.04194227235341,3.010344642443242,0.3690806144381933,131.80706422164045,0.14955572344028314,0.47514858231471807,True
4013.1550366891934,0.93325996,40.57999223457932,2.1837465552614423,1.3839632852943156,87.5671581105029,0.20723116648644307,0.507068263695689,True
4627.7654667267825,0.93325996,-19.696806575094257,0.4921818937729876,1.034299026384494,66.04301281554957,0.5944043865863639,0.5070278925691527,True
2826.582146399305,0.93325996,-11.017584181099597,0.9562922412405477,0.8214511159513591,110.8671256198773,0.42751747214838876,0.4635757628328181,True
-506.21192076811485,0.93325996,41.064089027164854,3.747832302524211,1.8688838327976902,122.15455557846352,0.10720117859714548,0.5304115745703175,True
3325.546216419179,0.93325996,23.687522396670836,2.907705325814196,0.7391531726920435,116.99749885224098,-0.057252529865810226,0.44306463887677705,True
4385.03824087353,0.93325996,20.643900906132785,3.1070023844511465,1.2949776901973447,117.6609472311184,-0.12052412762490136,0.46212952731108964,True
2851.1459085922593,0.93325996,-28.338823657321505,0.04763390180655103,1.0878375834690566,115.08678856958994,0.6002925907500625,0.48971791763413614,True
5300.906076075599,0.93325996,10.493085759849887,1.308793498047852,-0.08731891467799824,79.22133730205472,0.5966499665688137,0.5176312112910554,True
2768.7514436661677,0.93325996,70.2304561389998,3.875285301253986,0.2760922730760593,116.30286908884791,0.21929018016035853,0.5142807923001983,True
3967.573606203895,0.93325996,-8.01328702992081,1.1033655427681348,2.01783959778796,114.6539263964317,0.36520327910431205,0.5071436100495523,True
877.7241655270896,0.93325996,24.38450788690426,2.2260064510823834,0.7141987034571291,102.13728074462878,0.2536383073708972,0.47918200082657986,True
2217.6429343508426,0.93325996,-2.6766025401986653,2.5560666559329457,0.9628107740918926,105.09807561323908,0.09569889277872454,0.433828849789408,True
1898.0276111561493,0.93325996,37.67242203073516,1.9955599394980152,1.326884853870747,110.66309437900809,0.48777840963560243,0.5277248358164515,True
4324.511194722605,0.93325996,27.443882670388753,2.7144463969704313,0.4366512693093678,104.30264339263258,0.20030346672624608,0.46885464310405917,True
266.08632491090293,0.93325996,97.01185668784113,6.341353739662535,1.7532639941043446,155.7582852882843,-0.5483982395893077,0.579115837176444,True
5222.931816366801,0.93325996,12.546035104062465,2.8173562347861183,0.8631762346714591,120.10875028549319,-0.3085069113138804,0.4408861503766112,True
3810.648559982543,0.93325996,3.652141231965942,2.872292118628833,1.1577749845672416,117.52449320309192,-0.007613218174594066,0.43799314979267145,True
3514.118513878225,0.93325996,65.7360216758339,3.3542688690823326,1.0394540514428288,115.7772282622614,0.2809875603967848,0.5101192642388468,True
990.4589750418868,0.93325996,42.49646311841021,2.958585820683662,1.6666839746118418,87.80388471633741,0.2591674343392884,0.5346928262466738,True
6300.182355380419,0.93325996,-42.88071076775993,0.050625280217109214,2.335871919063224,82.08366687045495,0.4290810984431139,0.5752304406996511,True
4495.590347019537,0.93325996,-29.380142853082262,0.5072583641642372,-0.3087993386397967,100.90255447637898,0.43486994232831067,0.46414886794723537,True
3500.7843877727046,0.93325996,27.06999266350968,1.818825193042127,1.3850435290208665,133.25972271332327,0.4809579508893034,0.5005862051244369,True
1758.206539198548,0.93325996,65.0557680892615,4.20026835677495,1.1685844077505954,132.50504294685302,-0.04283665138761181,0.4916694303247135,True
7294.066145887068,0.93325996,-16.736053903612984,1.9255809092308316,1.6324251308546955,67.22978808435414,0.1446388006262539,0.5362013591627554,True
1171.6312353058647,0.93325996,35.70871921227912,2.973819645491477,0.6230170243695874,99.59212533079724,0.26194319665554167,0.4915617499896679,True
2180.483531955604,0.93325996,11.238087639880776,2.272036291784373,0.7849856764752525,124.39706135722479,0.3342036227916855,0.4440783486953312,True
3579.9774644219083,0.93325996,5.509280452199384,1.0890287849129607,1.160224588307364,65.00924318878467,0.6834950383329451,0.5211453865235943,True
1143.8234445279522,0.93325996,-4.782385617914727,2.017161257253794,0.3054999820318043,61.64268805697054,0.1966369328440053,0.5388239481411223,True
5271.303718019275,0.93325996,-25.165868279946466,0.6142768016819153,0.6878729638910982,93.52540153592302,0.49124442915919553,0.4934049932240059,True
2909.317230933195,0.93325996,27.600482538520136,3.546296008111889,2.552001076935433,138.53597548789656,-0.24586589798320077,0.5207162021978265,True
5053.6364127892375,0.93325996,-36.60163598758297,-0.31670633314208585,-0.10389814959435162,77.57427276518385,0.6378401029154671,0.5064481604789619,True
4822.022523275101,0.93325996,11.451758992989088,2.4806309446586177,0.06330434174754429,99.30199496022168,-0.13801344194829887,0.44830225587895883,True
4872.643703318938,0.93325996,19.57914204728914,2.00792137393817,0.4517691346952143,127.7796340467267,0.2137692849380763,0.45634546510658297,True
2037.9875636022725,0.93325996,52.282722585862324,3.194751701801624,1.488967364546974,91.20523967667164,0.36890217023593924,0.5593830064421189,True
51.03229356701149,0.93325996,64.04257575035622,3.291841152019619,1.2456895516629456,150.668420572153,0.2053021445845974,0.5257521763909047,True
2474.4904121102772,0.93325996,37.9150652761207,2.722455924459157,1.2110347094299656,93.40543701237254,0.013575060254474303,0.4693097202600744,True
3176.091146270387,0.93325996,22.739504434925763,2.4541277272208557,1.761060331460729,116.30448556066956,0.2056986798172276,0.49790265716573184,True
5472.072242882086,0.93325996,11.022236639128543,2.89942544680334,1.3127574537035454,115.64782991711247,-0.19769303863624368,0.47990106235107877,True
1330.2325689846778,0.93325996,39.047232513295725,3.660134413787559,1.099590110527061,106.26362677914341,-0.08929102795912855,0.48656667411493376,True
1195.2815022104512,0.93325996,40.523300597091136,3.1884344326466993,1.0981836682926922,97.4465031871556,0.12951907550367145,0.48781135295811834,True
2736.6032580160154,0.93325996,15.99813077391957,1.8636684964210182,1.306692808743984,95.57894623885494,0.3444156027402171,0.49009020707345885,True
5270.112927252025,0.93325996,-21.989258343791725,1.5471678589847766,2.271306531177043,120.08690773328321,0.40393108824502166,0.5259377386064505,True
3140.599931564535,0.93325996,1.3994181882982346,3.451780560696123,1.1344732457863242,131.3329584332622,-0.5140058371964467,0.4474881244813723,True
3887.806687244686,0.93325996,6.526780544886238,1.8226169358435398,0.3123762898071475,82.01293866378478,0.050135607091232576,0.44619843848044727,True
-269.5881761052574,0.93325996,19.11356235861657,2.930726030756269,1.2065891062076106,158.59492373686845,0.08969310783629114,0.4735041552901835,True
1647.720200263536,0.93325996,-0.18599420880808992,2.046356734094513,1.4353361768848625,125.25222433965884,0.10253491137066173,0.45622427836440776,True
2689.9715578486084,0.93325996,17.044768147545724,1.8775269803110937,2.172851658068084,120.14346400549752,0.2697201256525683,0.5131077227200778,True
5821.290263811275,0.93325996,-0.40865093729815527,1.8837502566781206,0.6562062808286979,100.33172545963444,0.3411043005171374,0.47691670114350965,True
4261.108500946111,0.93325996,6.942117356923916,2.4341141354887164,0.7925309275182331,111.03837717665516,0.02884425278503827,0.4243378673966775,True
6760.750977264809,0.93325996,-1.501662184350213,1.2445493785434616,1.0449487962995758,91.41899927048995,0.3590678973484311,0.5086182486788546,True
5218.403724046542,0.93325996,-8.588997621647831,0.8292352265216751,0.2842072617017204,66.28810328890533,0.5153967563684755,0.5245979889225997,True
6297.30869955164,0.93325996,-13.446432014315047,1.0306212906612697,0.980689053909353,75.61215018116997,0.4379267233491144,0.5148514565089948,True
4426.7918152963975,0.93325996,-14.71623820650737,2.0176969329848093,0.9441038724097417,101.72044005783408,0.052467966195213545,0.42368015283957294,True
306.7087993907876,0.93325996,-2.625794820387757,2.1568849347287014,1.905916973750907,151.57006957949352,0.16377948628521383,0.5181379270816131,True
4564.862558314664,0.93325996,12.014076483358004,2.3855968823589895,0.6481560466658933,120.98023597443347,-0.011533115876203842,0.43001294789901223,True
2233.7892174426474,0.93325996,75.27382477124007,4.1176353163738515,1.7618128095006174,103.69141587486267,-0.021054857144158307,0.5590432760261469,True
3499.5890196982837,0.93325996,60.083493192176356,3.3499360584167457,1.373203090393931,135.18778992959696,0.11763468574543529,0.4949706104466312,True
2381.3431914049206,0.93325996,30.01072725862526,2.8670512650630195,0.9292677537062092,161.2442425955792,0.25571322656947704,0.45146394798879036,True
1486.0759716736286,0.93325996,44.853755807694284,2.775338579517439,0.9372083122285473,136.05906902506769,0.11918519740559747,0.4520271771458219,True
3844.1346000089056,0.93325996,54.398852134185596,2.5589723303219505,3.0635403922220465,62.969460784725506,0.6096737905909068,0.6328449568131337,False
2327.7016926583537,0.93325996,4.556598457713758,0.7520511507230545,1.232157557905757,86.29916251658878,0.40052326096941426,0.5038713931948382,True
2454.7249384769957,0.93325996,56.893369363164425,4.259052939528237,1.4311413168081153,141.2762850413992,-0.20364390186593415,0.4992497236500511,True
3662.2444849149683,0.93325996,-12.4625899146817,1.2402309109789194,1.2232370434054907,114.72529870776131,0.38526855936860915,0.456501814045246,True
2074.285329477488,0.93325996,13.456558060520848,1.343057851529911,1.2309125608516778,84.14829958699013,0.7410329020314393,0.5529667431260422,True
2353.4035347494437,0.93325996,-14.571922848916245,0.7370545177911925,0.7935301079609036,97.06952819044008,0.4533559718762473,0.48245312667969054,True
2594.432756100366,0.93325996,19.752745095145546,1.742869684785628,0.27347969917762716,101.71951327010551,0.2270988498413203,0.4686154101126407,True
3396.621512569682,0.93325996,15.59874506714442,2.143675896901387,1.0888730052155307,129.34996675765336,0.13983281383862706,0.435778908436592,True
4523.814549691218,0.93325996,-6.91746368841854,1.3287944477198692,0.8864624870843911,110.56946696038064,0.26031723017191755,0.4369637975193627,True
1820.8450730911152,0.93325996,48.25089147518034,2.3257534249808045,1.3687919185269197,102.27963346036358,0.6420940750689181,0.5544888430641253,True
5054.786712064239,0.93325996,10.709241680837835,1.9862625058770687,0.7755828138420189,99.27742924840462,0.1964819926314392,0.44666342671693254,True
2451.2344051336418,0.93325996,59.69471014801428,3.479263765481106,2.4046164729217603,87.74338518044867,0.11746049931338581,0.5759597864136188,True
1294.639206517567,0.93325996,53.320344531153125,4.005317501163818,1.076981067992421,141.51796260993314,-0.02704143403458001,0.4723084863793187,True
1402.37148056962,0.93325996,6.516015170470977,1.6073274716976276,1.6250681629345958,125.75499837866916,0.3090341013555102,0.4846266245985995,True
3011.235973072891,0.93325996,11.132499096537948,2.259569712190184,0.8315766362466552,86.50237387264977,0.32551050007859283,0.4673926998216803,True
5456.348054235399,0.93325996,-1.7450728843521617,-0.2978062483917787,1.6072206459466603,100.31759861261528,0.7460825343218066,0.5349040245014217,True
2448.7198274658112,0.93325996,19.59722407149726,2.620160898173309,0.4076148605311656,124.66133393009414,0.2081681041337221,0.4449757191475533,True
4369.343969964189,0.93325996,21.30346610942365,1.856654144031596,0.2796054165599121,86.93725835530228,0.37304356021836016,0.4875604839524017,True
5224.978977586597,0.93325996,18.262208424454524,2.3269592524219553,0.9957323246688394,71.48764328643563,0.05287620717877073,0.4841921563621255,True
4264.520914356526,0.93325996,40.75754323868016,3.068110778977014,1.0003574240345383,132.256790831887,0.06928683148454048,0.45153490832933546,True
3939.5760176651283,0.93325996,-0.9676223116957026,0.8439047217257649,1.096812338642389,61.01831614503891,0.6637582914157928,0.524878705484656,True
1750.421604775752,0.93325996,37.640360549450996,2.2451576448351593,0.25678932421276224,109.7078035628617,0.35275470268422726,0.489303474134471,True
937.208911616879,0.93325996,49.51836203639616,3.3244737280996546,0.9836454679440674,149.44333400209567,0.2736876069006252,0.48764929161664794,True
5663.785966799861,0.93325996,-29.844539734105417,0.12369962848633342,0.14064354087942355,111.34865135854776,0.597249221806094,0.505944193433751,True
3634.392155624038,0.93325996,16.33214276290758,1.3928410787758572,1.2444017819642264,112.64895469362439,0.4465055138818278,0.48218716090958536,True
2377.452554416616,0.93325996,30.939989110681775,2.774702478812172,1.2819717297019062,102.58658047300742,0.2304620451828009,0.488484093876505,True
3375.926355479219,0.93325996,34.658246537289514,3.007004009715276,1.3140800912428983,71.0079914463457,0.2060020479213876,0.5258676407744518,True
3497.251719710248,0.93325996,44.08004823968822,3.088793073374506,1.2790764336584153,130.45759128679322,0.1409563411475817,0.4753753957330014,True
7417.262338009532,0.93325996,-46.62817753477377,-0.48111930632538513,0.4690832005310509,53.50919371832629,0.5855922580155883,0.5823542387634055,True
1342.8061847041793,0.93325996,49.723165530322994,2.964041518271074,1.0652086367577107,138.65929264360506,0.3238305575278612,0.48487517154025994,True
2995.611044008202,0.93325996,2.0209744218351275,3.3976545154322766,2.107714731867759,138.2357045341013,-0.11751525915806596,0.49539470575563843,True
3659.8398565415046,0.93325996,-8.113793342001593,1.7120489700779988,-0.25368575147743955,70.36464971551062,-0.001623087126875561,0.4684236603239825,True
3858.1943056653745,0.93325996,9.24168313093497,1.5470592726903574,1.5646435025444747,58.73864296663329,0.40055887513139254,0.5435554445851106,True
4583.403984682854,0.93325996,8.466200822215892,1.4491185582207908,1.789765936380555,113.9562677894354,0.2934237300332739,0.4963436844928171,True
2045.2879085645782,0.93325996,39.698249487292465,3.039599977019108,0.9993177238083368,93.04867702515222,0.058866578710564,0.4696456589804408,True
409.8137885042056,0.93325996,59.753750015697996,3.440769929904098,0.21556745925327947,134.9666627870382,-0.11313605264718038,0.4881658928629964,True
4883.091132394566,0.93325996,52.903776159052015,3.872464925041387,1.5605172347488803,107.57958072861828,-0.18165032810712098,0.5486871977933822,True
4380.499495285623,0.93325996,3.293792473122755,2.15600822281402,-0.11522321485666853,84.06463882835008,0.11877892307417265,0.4394805633657828,True
4086.7551011034784,0.93325996,16.035714536945036,3.5630199407656513,2.0377642910185823,92.57618108318059,-0.04940125983073315,0.5352757429330116,True
5372.231376198968,0.93325996,34.9603303186064,1.7939704266258607,0.8551828755422994,120.56197654492264,0.33437131499823347,0.49152522912293245,True
2243.616092828425,0.93325996,46.157994217638056,2.8872120910141494,0.8801782603048888,116.8991799681844,0.27509453130845063,0.47395152610231706,True
5351.550073388908,0.93325996,2.907698117968934,2.027324909596313,1.1262512603480832,108.83286817054287,0.09839686944888032,0.4410291298073226,True
373.28270349503555,0.93325996,74.49442623277511,3.156102966762071,1.4882752765847798,126.20356834784046,0.23459808904578,0.5229924840373714,True
3946.453862066686,0.93325996,-25.815442121310575,1.55836620705387,0.573387152679911,78.71927478853941,-0.04204584342444381,0.46258232085611334,True
2647.2407845734283,0.93325996,11.55121915609558,1.3897541349772624,1.0621163397115347,92.7206695325686,0.27371015829898543,0.4735518414341128,True
1378.4849032164832,0.93325996,21.523797530935813,2.907147419830218,1.2758115785458402,135.34372506223747,0.0705938315514931,0.4443700591309374,True
1992.2692496692532,0.93325996,32.661816237801226,2.0867977134892626,0.3389492563047858,137.1810996797449,0.4627480294061589,0.493018137849985,True
4331.579495530941,0.93325996,18.093608120463667,1.0589792561165985,0.7829724764964907,96.53126194352068,0.6706091523492839,0.5037739387431106,True
7146.161234082587,0.93325996,-60.44926105163057,-0.6970973266723051,0.7170086194590153,77.77351806086818,0.8066401514828007,0.5421935660479514,True
-448.58771633435845,0.93325996,55.883084739319635,4.22046981372732,1.573693391901673,143.58493700977502,0.16977409564545975,0.5324226799610124,True
1658.083376569762,0.93325996,-1.3974987878348948,2.217056949910088,1.6734816008290603,84.14771400040547,0.1184774109794082,0.500903032916675,True
2079.2782362839507,0.93325996,43.96287123431665,4.582867638730308,1.9645685348951323,123.64999190826306,-0.5740203648290956,0.5328180148118491,True
3828.997833944023,0.93325996,-21.988648301355944,1.3384581959617154,0.8672417615854511,105.42929398376349,0.22668656494969658,0.43674240811198195,True
3566.201703071084,0.93325996,40.61807277525293,1.9671586666688718,1.4689089101718071,89.89419686210586,0.5545431151658001,0.5398075918753624,True
6040.777974782128,0.93325996,-5.21540051507213,1.0521075733038243,1.9045887342705026,118.8717533212111,0.45665533612440545,0.5351318260006237,True
6613.8832001947585,0.93325996,-37.00003741139119,-0.06363074164271953,0.7081126527575742,95.45775003634043,0.35380860714996887,0.5009698821307731,True
2000.3068883733815,0.93325996,88.17714541440681,5.220330937377533,1.2256533223795438,153.5062651490474,-0.3641260906463303,0.5299874795007421,True
5075.90646675799,0.93325996,54.69590569677658,3.8828876203118443,0.8272191987731413,142.86073627959527,-0.1251738602803851,0.49320978577651314,True
2173.4873766562987,0.93325996,-9.484986918022535,0.27415818240130996,0.6788499975553957,103.55436935975759,0.7945038462888806,0.4997849333541719,True
3943.4729600173478,0.93325996,11.628115811786074,1.1645259380950035,1.958731081989701,98.06654593213082,0.4392297474783394,0.5312904879561835,True
2510.753459049898,0.93325996,-18.834454722525912,0.5744936076380613,0.4710358504891332,121.34918331449117,0.7850682519893896,0.49150126945104516,True
2459.859902463614,0.93325996,-14.023760295789671,0.9736312242122942,0.7126812501386073,91.0826332022259,0.4629022968398475,0.4789731069260326,True
515.6693460226843,0.93325996,93.56910579534794,4.862894165524953,1.422686573147631,92.4556774449456,0.13874616203293,0.6115047951501127,True
924.3881243382111,0.93325996,2.7168325429759648,2.4131783022204156,1.5664721453442856,112.0143028727914,-0.06658317647676684,0.48954140421552267,True
2355.460190983456,0.93325996,-40.74369199553313,0.1497634230522622,1.0861596268650353,120.33910303080523,0.48311470945083473,0.4879249510232375,True
1045.0437285565936,0.93325996,25.320668127419946,2.876456379835906,1.5373012210819348,113.33453897685726,0.03695490356978473,0.4659102201807476,True
2010.9379830024136,0.93325996,18.55624917196808,2.8882161534699966,0.014527667385208609,125.98159877864533,0.2617545093582097,0.45191634814328957,True
707.6511805191899,0.93325996,-12.090259679351217,1.206789444790516,0.5717635286588304,149.27759432718122,0.4320911611872967,0.5073801337753614,True
3578.006615464825,0.93325996,8.193987832504824,1.8832975436528985,1.6458840285144087,140.06873529690074,0.19352611361196564,0.4724910700291865,True
2005.7834860392984,0.93325996,44.46438123703206,3.7859844547899595,1.7763322492269746,123.52788151024507,0.12696594155230714,0.5058341027395215,True
3348.587201352967,0.93325996,40.1022270809442,3.348449866317005,0.5766423383014359,53.370142255633986,0.10474723679192746,0.544869745255602,True
5727.672886471091,0.93325996,36.51495261270044,2.5048508001424405,-0.10203926094957927,118.87814576872766,0.0031717380532697292,0.49113544345578486,True
4276.241445440593,0.93325996,-2.0347330823653706,1.494221193574687,1.305561760759744,110.86546315031754,0.14653298762541328,0.44432465297092494,True
-987.4687549366345,0.93325996,24.28452260542616,2.965689581168185,0.7525406480052166,163.25172600775727,0.19316487234424506,0.48410174037483433,True
2360.5775448750774,0.93325996,44.30481620350162,3.9694634717482145,2.078241672220376,130.87344901908264,-0.008611530742790613,0.5211870012410026,True
2997.8724574321063,0.93325996,44.17452111341452,4.545560007134332,1.5127687750570993,129.0272897235154,-0.3185129469415492,0.5023584475952707,True
5848.243415218403,0.93325996,-26.392983062098935,0.4744224120368796,0.6961012794183112,123.42462140914664,0.4723878603964511,0.49495187980974065,True
1781.76080392461,0.93325996,-2.281687808151446,2.642726329022496,1.0589040347582221,121.55057367923803,-0.039189520647742476,0.43546747979434486,True
3238.00646532085,0.93325996,15.344707485771112,2.0791513564670088,1.7071190350185756,83.8394969669103,0.22332493381137905,0.5062401000340644,True
1901.0943318679263,0.93325996,4.976583768432858,2.2396081263068295,0.4232630791087195,90.49373331729993,0.13741830585049336,0.45942182282098043,True
2288.9607799749983,0.93325996,-24.08036052560729,-0.38916978076086384,0.7816874770509963,84.15080505832918,0.8895940574000355,0.5108690500198108,True
1566.782566524067,0.93325996,1.2125973030854134,1.2816151492982675,1.398214326605191,60.66331542986268,0.3347781887826188,0.5541525520297089,True
6716.685423325268,0.93325996,-0.9467291955478103,0.949192889102485,1.028273667638739,29.291210733803297,0.5664521096596296,0.5735802747738828,True
1015.9574722823318,0.93325996,50.82630336282824,2.8480347540613633,0.8422776219170748,82.2786185325091,0.2847703004084683,0.526136757520023,True
5316.804113940225,0.93325996,61.05595387543988,2.8468481304531053,2.0751293604336616,115.03239739554756,0.41946212899086266,0.5827612712683636,True
3671.7774884224955,0.93325996,30.938098104528024,2.804988314231563,0.46821345901552136,126.08456930381189,0.11101663230435066,0.4442208049305715,True
4658.573557930717,0.93325996,16.725560508459726,3.0519723246045025,1.6491976313372732,120.0427787969541,-0.01504337544638032,0.4710678389773298,True
5700.368802125318,0.93325996,-3.3176381457926,0.7083503284173163,0.5108619468922176,78.41109661450724,0.5805165668610937,0.5196544572013876,True
2942.078931886888,0.93325996,13.568506929986178,2.488310221587959,1.4923904128331462,81.03282291321116,0.2913995746946539,0.5029709413766216,True
1868.7418311656672,0.93325996,-10.663042252286498,1.495078001741848,0.8943305313133074,94.91564490618768,0.3129641110986817,0.4659007082499019,True
5493.952154918631,0.93325996,-7.197032051120207,2.646302397464015,1.0586290476671856,119.49392334467103,-0.2822439007483555,0.45718796884549606,True
2195.5644278096715,0.93325996,8.93791119893857,2.7937686599874825,2.5058968642641206,103.93215521501901,-0.11823034319603146,0.5230177856243211,True
4025.4563466458308,0.93325996,-2.7438787309491737,1.245389452444376,1.4032579438823838,63.10840183740063,0.3956383117116228,0.5040504135222349,True
2613.1098859442163,0.93325996,8.492349465163759,2.821019075826107,1.3015059318041111,145.31044592134285,-0.14115805424846425,0.43841425755016183,True
5783.887403836232,0.93325996,-20.306888411648963,0.5845557437319162,0.8959348607629014,118.84779505356607,0.5088410121481457,0.5004811507483129,True
2672.3663067390426,0.93325996,15.424731745759509,2.0801613558628036,1.4983590535911167,109.72667678675388,0.27561755466472415,0.4820535413834752,True
6430.36097863159,0.93325996,14.167696054003564,1.2937086630520382,0.9873264027104579,88.54927043576525,0.3906831943934743,0.5183137103309285,True
2846.9342102713154,0.93325996,71.68550157240651,2.715435672062757,0.9065884799962525,89.44616212029024,0.2873592953867106,0.5052354379438143,True
4708.580283283738,0.93325996,11.990418509843348,1.835448039536447,0.4969710834874421,106.70128765042512,0.5439464676241328,0.4855684143686919,True
3181.737817727437,0.93325996,29.66221609793996,1.8941386196761822,2.3796177264506833,83.35018638019979,0.3402646376911864,0.5574985246250882,True
3099.5835867272276,0.93325996,2.161692042057515,1.9683783224095284,1.529836407614526,130.73562537607506,0.31393751420963384,0.4696740645653858,True
2220.929959249135,0.93325996,17.268115802066948,3.305620038556172,1.0523484225167645,106.4666689879199,0.13032838903890234,0.4563201590628067,True
2963.293770769859,0.93325996,85.18117099226025,4.504978066744587,0.3725267068011664,128.9606943736575,-0.25897137024122074,0.521403164984734,True
2789.335164634693,0.93325996,16.7755864727446,2.748074387935044,1.2581321975337156,118.56003147554416,0.2719134799290451,0.4606536146516381,True
2377.9351971563474,0.93325996,35.55289648505654,2.0727342120222656,0.8696361554877383,84.19822977400571,0.5270256560510745,0.5187557814508178,True
5927.2987976530785,0.93325996,-15.772752562385584,-0.11115628173586423,1.2184812536508063,74.82699157564463,0.675076290291951,0.5354083424921602,True
2745.678570703895,0.93325996,7.116940401195826,2.313169799534012,2.0378607987011383,126.89115928468263,0.3204660559484446,0.50139317185483,True
5469.756648298136,0.93325996,18.538892221322083,0.37241945527985054,1.8506674041995197,99.3360893465251,0.7924140382549354,0.5694064615953799,True
4094.6695522129858,0.93325996,41.6671883484253,2.56039007506934,0.06717424354032908,69.44616418628364,0.33334578792310515,0.5236194537966162,True
1331.8600222968187,0.93325996,31.450093406582447,4.196555190450348,1.0167667415550687,107.83781186346452,-0.30399104229784124,0.49563335339470094,True
2966.3845104126126,0.93325996,11.710944971479751,1.4310595156980463,1.7756119475433407,95.07779771536092,0.3287635095172335,0.5056876539625483,True
4403.132792488375,0.93325996,40.936113711605955,2.995651996134393,1.759247116789679,154.1212598513083,0.16620924227326844,0.5045026622169037,True
3128.569931961722,0.93325996,16.21082832212359,2.231272458845223,1.9293466581575272,110.21603183105883,0.318969583395045,0.5191567706566724,True
5686.665037169181,0.93325996,7.681084598152621,1.3556727800372126,1.241512149281998,83.35735140333088,0.2422285117153649,0.4816204614878711,True
5583.974557226247,0.93325996,27.180599501632656,2.5936339325605755,0.9863960763218977,97.29265378528216,0.20400679736023083,0.49257243667827993,True
4606.046575677961,0.93325996,2.5703097073811723,1.8493178952557192,0.49457999124689656,84.81525535115435,0.18964160292603474,0.4433494129185803,True
-929.5884935775048,0.93325996,18.02432864389864,3.3002028346962993,1.7063123105368376,116.73074966033747,0.035405183931321915,0.49951368340372854,True
5110.856474757891,0.93325996,16.640316820852597,1.1123609307664089,1.4916678517905682,79.78929741388642,0.2137533082337858,0.5142266326405003,True
3065.580536211814,0.93325996,-30.20991713970521,0.22037215948493838,0.8081681878787152,122.86381824554665,0.786402203491246,0.484655106702761,True
5237.748846319155,0.93325996,29.17709621521729,2.3957374163793026,2.4983933095296065,137.99040146669384,0.35154095310933914,0.5590053491063358,True
990.085983538489,0.93325996,73.68994686538858,4.023920400674999,0.72273621036771,110.65808363104513,0.26097895345396777,0.5344746957183883,True
2698.4948637861417,0.93325996,34.6473902987384,2.7192587404032693,1.3251672474815304,77.53100248308695,0.21553890102084736,0.5120225619699401,True
4002.9771136264235,0.93325996,6.798367420080224,1.9772316650308286,1.3591933583965858,115.16168269062291,0.1891616326599504,0.4523533831438355,True
2328.8449457689067,0.93325996,22.236015651627362,1.8210852311035712,2.147675664075534,116.44290961206084,0.6948394332678922,0.5588026834958618,True
3209.8454132687966,0.93325996,26.511553893139492,2.0604425219975235,0.6000015346607018,106.22120498676072,0.2890773129584637,0.46772543761164476,True
7032.227686137136,0.93325996,-1.8025325218605666,0.9173142633068321,1.5076915389522696,126.69741685718421,0.39813527904653534,0.521966417363539,True
360.2356487083871,0.93325996,17.223729652519697,1.9985678661073336,1.0769101992403558,107.9574154634276,0.5354856223990636,0.5340406082865709,True
2143.9435828150918,0.93325996,23.273175285176862,2.809812353916815,0.40894799571448426,121.70930594576501,0.20157103388853692,0.448754357832001,True
3177.0369857580513,0.93325996,54.37043546515767,3.914268182500845,2.4007550204177903,98.86462892306483,-0.10757998899890034,0.5708698469597103,True
3896.7271764553934,0.93325996,35.52059066048848,2.473751538058601,1.3112704978668372,107.19722258339128,0.1836246684250169,0.4818717440099549,True
4455.900503069293,0.93325996,-5.597697949275602,1.1007775888086877,1.8158870829022766,121.60726137155424,0.3408107219526888,0.4924169217763624,True
626.8420553777419,0.93325996,52.63878820336812,3.5601325283245044,1.410864538475526,143.68349411718404,-0.02269006946958932,0.4890950555173896,True
2768.3888914199833,0.93325996,46.071730715826476,3.476558682330767,1.9116297914635556,116.8533821206782,0.11820374752368565,0.5233050228551185,True
1869.2395066337263,0.93325996,50.053820409332964,4.67105848722659,1.0725525572391008,169.22037208855667,-0.557165848327078,0.48268633706810365,True
3011.868308597995,0.93325996,-29.71529834966917,1.3575217133215332,0.9643812338837929,87.65394044799876,0.4422982271325493,0.47050859589869987,True
1332.4724004243687,0.93325996,23.774845185279247,3.726348358383148,1.4436789122328006,89.07438473328224,-0.13615067148795698,0.5345068117937781,True
2372.4413922830654,0.93325996,24.433471884699944,2.719516654930266,0.5938108201862712,90.28326178129248,0.058917145764140866,0.4620835618823758,True
2070.0972718145076,0.93325996,-2.3245557642292596,1.4799506789353627,1.3301672764442691,100.39954431220677,0.32491662345086625,0.48512801927097776,True
2269.2638407238833,0.93325996,68.5167865021728,2.690416905686941,2.7482374219167705,73.61378154200014,0.5601931844476521,0.6171890127839195,True
3773.8978378047186,0.93325996,-6.597401506686694,0.34280385441096195,1.9574527830241606,68.57266320879219,0.58277779155136,0.5661314031642849,True
5366.441243318532,0.93325996,2.959090398105287,0.906813275341745,0.5568752682931618,75.60840221999354,0.7648832045667674,0.5150887278886832,True
4767.780574261748,0.93325996,52.63219816214029,2.1038198275568316,1.078943251647901,100.24463010580826,0.620334442165144,0.5335867301661372,True
4655.250726419331,0.93325996,-21.022435811797905,1.3818226415411146,2.2615961619406195,87.9407647641425,0.26651516298354316,0.5224041565622239,True
4565.318189810299,0.93325996,-1.2485040046819513,0.03138666959124414,0.8370184639281013,77.01444265034652,0.7814557061669267,0.4885636501170779,True
4386.861315174121,0.93325996,26.887526509366428,1.626686429226135,1.6916494311298358,91.7405786638516,0.5156953395714251,0.5387278449653089,True
2897.732962213254,0.93325996,7.906732147459309,1.9361508822956564,1.5136633505086943,99.01495350282349,0.23010115311997212,0.4761651463642844,True
3358.0327684697304,0.93325996,-2.17865202353925,1.77041117066471,1.2906259476213275,118.49831762627682,0.2777050631640295,0.45553646019901556,True
5635.936661610986,0.93325996,41.76865195563674,2.4515268394062364,0.24683804337272885,79.1276914335053,0.21109202816857625,0.5295736671183369,True
4216.674226506414,0.93325996,14.970817757870918,2.434908658561951,1.325852034600425,103.18550334113009,0.09115053932284992,0.44789978788755647,True
4663.721705012829,0.93325996,-26.31848757640781,0.2543306690718101,0.8228057572151315,91.7777711613256,0.47161811417963584,0.46926146259611207,True
2483.6165895961753,0.93325996,29.63372789700037,3.141632459565051,0.03787389612134695,117.9397047579294,0.06176726176309172,0.4420048555589286,True
2407.168255420522,0.93325996,43.81108950056524,2.3062122200340935,1.1439598621208789,94.77151310222614,0.5760549647071773,0.5299237277443057,True
2058.141344686599,0.93325996,-24.324930600174383,0.6783443876881514,1.0467207905854417,129.16837339943334,0.3137903262218268,0.4809717991198445,True
3247.840587668853,0.93325996,-4.2630401366534265,1.2762235389444745,1.0470534606067101,111.89947404147799,0.523513359465137,0.4776078239579565,True
3323.5864914704493,0.93325996,3.3474470558297327,0.9439251680563456,2.3816774011380586,66.03924644084779,0.5670189099224893,0.5718848440498215,True
816.2649011934977,0.93325996,13.090419397007853,2.5910445316833135,1.155697793800332,126.85297440589943,0.03492272286577208,0.4380194598201893,True
1383.3193696762007,0.93325996,2.586192850453193,1.2856780752987191,0.7010278084291259,110.56274799230839,0.24526782544117007,0.4692233514511957,True
5706.199187348004,0.93325996,-27.330938618569633,0.2772327953536613,0.8906855769310162,97.06249563853216,0.7116113267414826,0.5082690158268031,True
5425.630903321036,0.93325996,-1.9594167732776668,1.610651951825574,0.8348849285435516,168.1574775070227,0.28428488129661367,0.4680237074477185,True
4293.347576927909,0.93325996,2.736589415275013,0.28873795823532755,0.7327780387268517,65.5733983796901,0.7373429774853721,0.5104783049200744,True
3511.620679403079,0.93325996,37.76371622076752,2.5344343026062433,1.2726850437930424,123.99105147942795,0.2789571360864414,0.473796028883457,True
6795.563557639698,0.93325996,-10.493090242260987,1.6903101713127375,1.1200809839633912,92.38927454641558,0.11086099307350394,0.4915839961699866,True
4862.131568484717,0.93325996,12.371071489659844,2.623432576792824,1.1250227770469017,116.84387350051566,-0.08896970083225395,0.43574286794170297,True
3370.1482230235183,0.93325996,13.05296580558969,1.6268988796481971,0.9554204448521544,93.1820458950314,0.3378597095220034,0.4642722021144267,True
1707.0570000689606,0.93325996,19.653042645224467,2.0353847101376417,1.568854770207501,133.60869056559142,0.6126139929368701,0.5214557735196089,True
2729.49036872138,0.93325996,-10.282470282393067,0.6995051909061605,1.1092015203438053,76.28801386939894,0.6902511871483104,0.5123692962488136,True
5102.37098513347,0.93325996,-14.228331853514828,0.7183281565135515,0.720900109707407,94.94063009881738,0.3900923877818858,0.4715359173162796,True
2306.3228348959215,0.93325996,16.26036330323573,2.168642429657985,1.0280423184886318,113.1301820831765,0.18273792219697294,0.4454871038756578,True
3116.245768845776,0.93325996,-1.024714711818767,1.5164284081997677,0.9810408698167442,101.39639803616679,0.07138304212292462,0.4361373374205241,True
2428.6787380873593,0.93325996,45.11963053236606,1.760883388590643,1.2775779508972547,132.75716833551968,0.5436405190276523,0.5144155645887617,True
3836.5680734707894,0.93325996,9.740258041177082,1.8921630317292841,0.44353782009388865,127.1814897339371,0.286775244718193,0.4496320125166835,True
-1723.2839572431876,0.93325996,63.83960541238856,4.46648547298819,1.8932169053317043,127.68380248585643,-0.23053121266709845,0.5573036281362365,True
2965.111493441521,0.93325996,9.162927563078547,2.507873876140554,1.7930608400762238,124.57773175921803,0.07530823208128334,0.47031067674770366,True
2591.6291654768224,0.93325996,-4.823966836907953,2.067228096755093,1.439324625966025,114.36266971652994,0.3052283049224265,0.47357581380932884,True
2044.4181461922863,0.93325996,23.9604355965893,0.9225528004327335,1.9401141271666262,147.60762020582982,0.8392491820147849,0.5713951873195233,True
4744.812473968128,0.93325996,-12.64947858225404,1.7387801978880895,0.9168675336049428,83.59843407033753,0.17696316339418106,0.44185401978991345,True
2273.1118054250746,0.93325996,40.87712513171475,1.8038173602501553,0.9287989069970484,118.44088436673522,0.7827195591065743,0.5014606022923503,True
6363.920371677976,0.93325996,0.40079555509364084,1.6935826736306272,-0.008378766992562792,95.39416037124029,0.17431865976242114,0.5043195776492889,True
4890.863730777375,0.93325996,-15.529362217946122,0.7006877890795182,1.9934438921194486,89.92093706416276,0.5374749442904327,0.5474015927281934,True
3588.1851369593,0.93325996,2.9347158363680776,1.670396871307684,1.026783004091694,88.64479643932086,0.2715709940276492,0.4446869739833167,True
3732.380230499145,0.93325996,-0.9096493428995203,1.1600601327239162,1.2784614174317392,110.1867049162353,0.38860940686375134,0.4648858178830192,True
846.8390063949569,0.93325996,81.42014035279057,4.477442442548506,1.3482042174350453,133.74953254209854,-0.05402491028494097,0.5196509281973442,True
5900.032447803276,0.93325996,12.191627205524789,1.5915738144699718,1.4756810218867529,87.42850576048733,0.5124162777732398,0.5347906553255268,True
2922.3903837266075,0.93325996,7.4768711526414595,2.1285510596156816,0.927212690582204,159.4579625725812,0.31558202025327137,0.44649139725470816,True
316.521430580437,0.93325996,25.651675321806795,2.623422921562641,1.2096248314046636,93.2884673278133,0.34163722163960114,0.5348979520798025,True
959.691922242042,0.93325996,28.446879042622534,2.0135811736248552,0.807233141113133,86.01369557758727,0.4956014509128085,0.5338163908375649,True
4551.800174826053,0.93325996,-5.007576712871646,2.082555077539851,1.2255258135357696,124.95364583834666,-0.02550787786745176,0.4385367261763221,True
1315.5349658125297,0.93325996,-1.7046154838852203,1.633451975455444,0.5111800440472751,108.73733762558392,0.2440194350644169,0.4668773338608749,True
4624.89114933117,0.93325996,14.334176684769384,1.6569890612877276,0.6436797668680007,103.88806987655146,0.2985177999827016,0.46088167150943876,True
6556.408836597673,0.93325996,-17.51066530179346,1.4285213186530106,0.741669874188329,96.86642220924284,0.08776641676439356,0.4867783675198271,True
8771.541856369498,0.93325996,-65.87963041675455,-0.70887143861188,1.978581975151703,100.05678764219161,0.40905835164673315,0.5559716295854104,True
1186.357802559065,0.93325996,30.55073874258217,2.645018014515799,0.8314203935697928,133.0308944691423,-0.05062975929568039,0.43981339536993797,True
6072.5854555174965,0.93325996,-2.4418005506693525,0.632040661139402,1.227255682426023,124.95761525061165,0.4518655268346935,0.5094804315128771,True
-1484.2917395630748,0.93325996,34.215677045858655,3.2948832963309513,1.5222464741045882,113.4025295442048,0.16148388091797455,0.5162695722288725,True
3987.922537514699,0.93325996,26.746588400573614,1.1271118285150523,0.9877929150596303,105.05414729989778,0.5018697996825932,0.4918899225843638,True
1693.193390096697,0.93325996,17.275367947456893,2.5323984675004967,0.9511185193497547,146.51296228297383,0.10719407081132548,0.43566804627310385,True
2460.4017348519737,0.93325996,75.35697254187227,3.999160568541013,0.632930116383857,143.40109612714878,-0.12155164137048516,0.4973820996330417,True
7533.802856233338,0.93325996,28.471810242182126,0.8830057179773707,0.8233597887611198,61.04165763346264,0.539884523299631,0.5704543291595154,True
6021.890495919191,0.93325996,6.932577997623216,1.7806613484306375,1.0626800666806315,102.0776749372813,-0.08237595319649235,0.47160817761452056,True
1287.3678260503602,0.93325996,31.17251859546934,3.099840633691378,2.4012434175611936,158.6119820239894,0.1105887605309247,0.5067754075188051,True
4961.4894507567005,0.93325996,10.876217660434701,0.7946176996396721,0.5477906469307298,89.10342356757502,0.5769439924870204,0.5025074972321233,True
3264.671889825376,0.93325996,34.92892835126516,3.957644394208324,1.2350892341880257,93.8281462006992,-0.25571047332576224,0.5214542923105285,True
337.94014135478164,0.93325996,81.23681104462521,4.6609253918237,1.1246336173407219,130.73126529156193,-0.40624773681153714,0.5265764817746288,True
1159.9016423434748,0.93325996,30.907556661280807,2.1611025979636422,1.7058947011053163,100.10358980703208,0.43536758488224414,0.5413194153345189,True
298.2730675936082,0.93325996,54.38986789205056,2.9851318971702865,1.5335528802546214,77.57515485144182,0.29843687374903205,0.575662235320739,True
3695.044937983978,0.93325996,49.701120056800356,3.3922628500848684,0.8502678659464178,94.57284266915777,0.09537976051504735,0.49857832637803584,True
1980.5775155521787,0.93325996,50.55260658091151,4.767160074511455,1.0398418660217266,133.11963669869397,-0.17149032280559331,0.4955692967546828,True
4811.472551335295,0.93325996,-13.270453638253564,0.9654186881601949,1.3558695332937494,79.61946357968152,0.3553513870765632,0.4824381170401503,True
1413.3415746925637,0.93325996,42.35264165271557,3.5322205488781355,2.172703722414578,112.00868391914797,-0.038695259263788334,0.5349960444199808,True
7513.23860662004,0.93325996,-10.06012845771982,-0.30034617432783106,1.7467656887520646,68.47525407782364,1.0422989183103903,0.5970307216730679,True
727.9168691941318,0.93325996,22.57948991795856,2.0492109106211434,2.365940057736855,101.1716177403015,0.6369857822783509,0.5829181432039551,True
376.56993128807653,0.93325996,23.36042361018391,2.121670498791399,-0.019349107609739624,120.04923006671034,0.4477479638666839,0.509387145831376,True
-118.87435787759796,0.93325996,-8.71860634670557,2.3975129816314427,1.1607386554829966,122.35835887716051,0.09541577232751525,0.47431017582778917,True
4985.8050763541505,0.93325996,1.8175584347625495,1.715205303388606,1.0834032814103793,124.89847070092846,0.17442726596020752,0.4311916180653581,True
1851.1053125895407,0.93325996,14.534205854409706,2.8286536982702333,1.5426035901189272,175.14601503670025,-0.05249876840856041,0.4585786791254047,True
4170.446223192535,0.93325996,-3.5238625560228165,1.9633545346024375,1.3656217379967037,110.74473464159132,0.17464276731661138,0.4486428241801792,True
4296.610096881877,0.93325996,-8.930216947383975,1.5682452877664816,1.7524034574342897,46.35979872819881,0.28140828466832807,0.5428600482906017,True
4475.4507856748805,0.93325996,-2.556163656042518,0.5371738215817379,0.5788112623885819,86.87789448079518,0.649860664876949,0.49918464068835366,True
3985.2581905337815,0.93325996,13.573521665257257,2.7327079108597676,1.1940198071401298,123.11152432377828,0.2829837109443416,0.46058831755652696,True
1810.0109179590086,0.93325996,-1.1202869503480706,2.5367404129804836,1.1271941878566238,145.48953236942975,0.03578023170381958,0.4233147370072448,True
3404.921146032455,0.93325996,9.116533669478544,1.1443537368997863,1.0452595251309245,127.10431954693047,0.43018408543516506,0.4635149719424144,True
1802.978748531879,0.93325996,-3.6738685669867657,0.4826039549595722,1.03010430513683,125.85464428857273,0.9993828809041986,0.5102308926617515,True
955.4384325396495,0.93325996,40.5382420064079,2.6075360346872265,0.9242707345145401,134.52903683054134,0.16999248032803022,0.46247644330148086,True
428.0355602058021,0.93325996,31.846260663981298,3.1859920652461478,1.6158856890173963,145.45307149881953,-0.14933706780123654,0.48104673662305303,True
1732.308929606882,0.93325996,35.660936657387836,2.9104133477513905,0.42380417738124154,110.15577896454448,0.05553983185019351,0.4486004645814249,True
3588.887333665659,0.93325996,57.753268502202474,4.720986667010535,0.387807700349879,132.53290379383503,-0.45632394567145174,0.5068238387851945,True
3872.917524446931,0.93325996,44.04742054128998,2.285897660065567,0.8225176954686887,115.24064667803142,0.35037747487035803,0.4799284685052669,True
3515.4428342676683,0.93325996,48.95398640452018,4.135813798766105,1.0027520525817704,110.72214502378738,-0.2868992957086166,0.5078664854892097,True
2454.9011475612565,0.93325996,5.7865316953664045,2.016860618968238,1.41141696571149,124.10462344083898,0.3262308974593291,0.4596063579690721,True
6353.942336262606,0.93325996,28.97090557317739,2.1629027094172177,1.3076190806248886,75.56143926825513,0.5486894546933202,0.5791579217396607,True
3887.9765585164155,0.93325996,-43.426427203539305,-0.6465365868264792,0.04697987417256555,92.22960041780546,0.7582249080545947,0.49764629375182606,True
780.4819156094504,0.93325996,57.00094136261899,4.537889673097878,1.3259332834736408,167.29649549134933,-0.33523620519674846,0.4929687826723612,True
2343.2763943483283,0.93325996,66.64420075688929,3.193734920345908,1.1424315024952085,160.2883567555264,0.2612822651506473,0.4956408006059627,True
4681.1802834442005,0.93325996,-27.37204223455484,-0.22322857982226996,1.4536762287170588,112.71805283749892,0.6234559856005073,0.5082447680640239,True
2578.6496052129314,0.93325996,20.319188219132172,2.542135240810568,0.4396223395868617,138.62990126613505,0.1261139541482837,0.4436312113428222,True
4713.528822384485,0.93325996,51.85610338551665,2.8384000394049376,2.075658054487236,144.77838522414163,0.3488779318054437,0.5577759225820782,True
2674.4597810250502,0.93325996,-34.30325961764062,1.0466586539905571,0.2964756697846459,103.96312839582552,0.32370585448022837,0.45683273405062963,True
1051.425548173866,0.93325996,21.27779412534689,2.572405473204012,0.7058041530053283,91.18579564135119,0.3407137856965493,0.5079286756365887,True
1697.8821632086892,0.93325996,17.241166104866053,3.375132767725228,1.6493914483415169,102.96100722363371,-0.09901733823005274,0.49416616466293206,True
4600.538322150548,0.93325996,54.25851332366359,3.7358526217759804,0.4474403910875514,117.89820418342123,-0.10873092091748235,0.5189407455709791,True
3479.4409993452623,0.93325996,29.733686652459927,3.3320506108010393,1.3338946015767512,155.8285169900631,-0.10422547207328778,0.4597735050187079,True
3298.2069011981857,0.93325996,4.145385318442182,1.165028529731127,1.2307020032215021,131.1577243911493,0.5489678061751222,0.4808437541067903,True
4261.804447106157,0.93325996,25.417639893380944,2.849445968710928,1.74305722642677,114.03939788750758,-0.13231336720075174,0.49070970219444743,True
211.9472795816605,0.93325996,20.4564623090885,1.164666193680285,1.587119318142594,122.9580088352241,0.9628900261794472,0.5670287617325073,True
4701.332651495753,0.93325996,14.715069435738334,1.6611674092333097,1.578333583107019,94.41843036028969,0.4184144607758522,0.5053561774459127,True
5031.458637534229,0.93325996,-5.306542725749825,2.0373800997620504,1.3611050920230583,87.01825113184694,0.09374178846809578,0.46000231676009234,True
3690.656418739119,0.93325996,21.55074893230251,1.8684371648950684,0.29426243263218776,97.85946187575503,0.4460735776539274,0.48240507447427594,True
3632.9711500433787,0.93325996,5.445802818124298,1.5740495908498877,2.0817507248114517,142.301143826994,0.33530624910606854,0.5187399309773316,True
3600.2802534250554,0.93325996,45.33917546269788,4.007808279448152,1.2400243308797618,112.63337762925526,0.02536107767027254,0.4979497632575972,True
854.9030375436446,0.93325996,2.8465292569788065,2.3506458044109655,1.174134386758022,72.19690674991591,0.23656119448229312,0.5125245073828633,True
1460.4184927208785,0.93325996,37.383894190429075,2.7364438927257364,1.6743173945140182,129.56729847050897,0.10757764646132426,0.46842955479285586,True
1677.0414582882918,0.93325996,50.92174264535701,3.7770023019199366,1.0836748483923118,139.88369443954588,0.3319302662098777,0.4883448164054717,True
3403.1259389623965,0.93325996,7.1415680277645155,1.9246693053868937,1.7550202399741326,122.32950029566692,0.2899426889885284,0.4828532722640552,True
2987.7760299209795,0.93325996,10.623730611150226,2.770886386240563,1.1576487840554115,133.1311646200785,-0.19037664746151226,0.4297886791794825,True
2869.8554261955505,0.93325996,10.433070615813808,2.3925422819150497,1.2664812698452936,98.2222351627437,-0.1117590304751527,0.4620143090817578,True
5324.868346656559,0.93325996,-44.08894087367598,0.451550779984464,1.028336640666642,112.76519692697677,0.4219167866117699,0.4755052494997702,True
3625.264923101573,0.93325996,54.62759769901716,4.262965753789431,1.0467399375921687,170.16213815349812,-0.16229305697374227,0.4897711138249591,True
1341.9927079416555,0.93325996,42.876205399658836,3.6735221351753156,1.4275492686823354,155.50906001670697,-0.14239606317931106,0.46298923866702235,True
3912.810672771911,0.93325996,-24.538624450459963,-0.06078485703659009,1.5539119519264408,86.61162919488147,0.6614248517340441,0.5291713017708988,True
1832.0509174176295,0.93325996,53.13298652048907,4.372971482530097,1.6636699667102466,118.84536181602601,-0.3505268847115257,0.5292388230173761,True
4459.413561598223,0.93325996,-50.90780536157803,-0.49364336213962456,0.4899893691397048,109.52405262365326,0.5714487654161532,0.48527153995556965,True
3641.413581001722,0.93325996,16.056100673348134,0.4687133293095458,0.6109454011746346,99.9284947003611,0.8932730662977897,0.5109421892784364,True
5036.558767863606,0.93325996,47.971132641717844,2.721721598801368,0.5842450037749538,114.05774032565265,0.17911395118162443,0.505331816888772,True
3177.19264658613,0.93325996,22.86898213950458,2.657227630146311,0.37301978189092244,101.0407308588542,0.12653235069631222,0.44983037852095314,True
4136.561923259972,0.93325996,29.093910617312577,2.241683490446273,1.2981899593882793,135.39514963444998,0.20037941308578738,0.4750025885266287,True
3669.4717946427145,0.93325996,26.65286901076966,3.18261972299149,1.7437896613874941,139.04886091799435,-0.025202359118019796,0.480823119279416,True
6682.504487423735,0.93325996,18.580420105510807,2.080538009325855,1.2851887314591528,76.04052916638102,0.2690722706154889,0.5505633996662124,True
3183.6267020534215,0.93325996,22.08069598736683,1.6400805561672214,0.6276093542831813,78.60963940957261,0.34253806745049004,0.49689469358533617,True
2653.0738637322333,0.93325996,47.66423920232828,3.0548335337845955,1.2702390370323828,106.36294013534322,-0.029789725119210436,0.48833238958594755,True
6225.853723897586,0.93325996,66.08565772771573,2.955521689210727,0.6352642058517244,118.78124375965645,0.3754335283084782,0.5646703371009268,True
3392.6518182802492,0.93325996,26.256887126159896,1.8050967060144096,1.048532935276635,123.05263413171286,0.4774071858642208,0.47416723784719006,True
2140.9073550644007,0.93325996,47.80373425563473,3.878426550795605,1.616132407705446,115.88360506572661,-0.005073927022448105,0.5204542180703601,True
1420.9336181434605,0.93325996,8.422314181759683,1.4945564844038683,0.9608688826972037,142.44337882677246,0.5987995029729178,0.5163601445926076,True
3307.916421912524,0.93325996,23.519383695609612,2.77646761137819,2.005667368749657,107.23741854654719,-0.0009625714505155925,0.5096208967879459,True
-2370.5481270259643,0.93325996,40.417678462468245,3.0670339844060504,0.37116916040646875,99.52228320881117,0.23700572431305209,0.5256294770357766,True
6551.270110425407,0.93325996,-5.64409197753098,2.1742848526006533,1.0522007598427863,67.79172648734834,0.29793788270132476,0.5291330001034729,True
4174.191141950594,0.93325996,-11.542198553780903,1.0139208840445628,0.5424257664591396,101.91622628923847,0.36292823355500176,0.4542809146626264,True
3200.424887419933,0.93325996,18.545839724903725,2.2177005813080024,1.3720165304722436,125.09930613083307,0.2761438175693108,0.4719273306870775,True
2429.657852196572,0.93325996,27.45153910158316,2.805903307733044,1.8591244314894833,102.41471575302457,0.007521888035520202,0.49602486315724487,True
4766.990450296322,0.93325996,32.70399155306462,3.440304835313776,0.7083746105590685,106.77257411294366,-0.052622716834956035,0.4845465408623856,True
3122.1660171448357,0.93325996,43.471402492828204,3.914938807848408,1.0334290666209875,129.3009677730393,-0.07405294751015243,0.4636665503038178,True
3198.456398497984,0.93325996,-36.91426055020083,-0.8119846384346254,-0.027885473740602684,85.03629044570242,0.6684268115020692,0.5057387167872406,True
1536.9539283434835,0.93325996,8.549884002103855,2.8574006965123386,1.5853290078693683,112.63262514492469,0.10737425756921101,0.46999199252680973,True
1739.9029550950868,0.93325996,47.70760986110314,3.2798663792532725,1.6301959783297255,99.13514582925468,0.029794131755586456,0.5070354972682859,True
1274.4622331971882,0.93325996,42.89327096181191,3.9882355725275658,0.4998813246482481,61.981126607308475,-0.10407744509200254,0.5862608354460728,True
208.1074499184342,0.93325996,63.56425600352617,4.246540880608819,1.4346880385730483,144.55444263298168,-0.08261917842813851,0.5127369163538028,True
2428.297944624536,0.93325996,25.20620034426658,3.4902120252948836,0.9152559164366869,146.26209103958792,-0.14223782182172143,0.44426457257534085,True
7069.124119841643,0.93325996,-34.52920775186916,-0.008205023036877979,0.8302471656755697,88.21898584969604,0.29997613747863666,0.5074309941086895,True
3246.837578953861,0.93325996,32.41136782388109,2.421115224005289,2.020316430388127,103.27456265618142,0.08563049762894145,0.5036518485473088,True
-499.5011721328451,0.93325996,27.160608241372017,3.0929164139519174,1.2884437599465042,146.07120348767717,0.16365681119571066,0.5023667813596709,True
2618.070248431311,0.93325996,4.669883935407688,2.3136275023387496,-0.09271710318665582,100.70652610793789,0.17306519495228934,0.4435056389562278,True
3552.861240390879,0.93325996,36.18067216945735,2.8270253031250467,1.0649167784652926,91.06420655827196,-0.04476177409087115,0.4790906806138255,True
679.172378501482,0.93325996,28.538267909030182,3.268998028410511,0.0035112115758377804,160.97404583684587,0.04506875920736708,0.44147001841486666,True
5399.182495594645,0.93325996,47.6811812928692,3.4496389308953015,0.6114998908074772,150.2290849674143,-0.09605624935939769,0.491987667790164,True
6013.2730030275725,0.93325996,-0.06001935691663007,2.558107356174487,0.6052647557188695,86.92401371361352,-0.007349846484036721,0.4971446010858355,True
-1097.094835719845,0.93325996,39.88866817667069,3.297515273813292,0.7133191413977167,118.97098293898753,0.18046646239110326,0.5008299097103227,True
1273.237393620565,0.93325996,60.62158147208001,4.356289575957221,0.5097234921847035,90.74047553234288,-0.22220071744294426,0.5527814740169804,True
3506.9588127365387,0.93325996,7.607872126852358,2.7285643644039066,1.6941633404883047,123.29449301059441,-0.0430330180781516,0.46668959799861187,True
2156.0566545785478,0.93325996,-8.041147851760648,0.8172888028674057,0.7363503164985813,104.6276160148904,0.5588273200755086,0.49908203798371115,True
4715.977936013096,0.93325996,-7.422507216693948,1.449092244096076,1.5814973800542063,125.57926555308856,0.3706602201984005,0.47480180280481243,True
3876.624013533489,0.93325996,18.50497069544111,1.7505599505396847,0.32758149071250675,124.87818075337174,0.2424451435431899,0.45315479296542754,True
4840.934079011243,0.93325996,11.088731442747916,2.446660301661312,1.403828782447337,95.2953651736362,0.13673901740563513,0.4603797517445639,True
3771.7235877429644,0.93325996,38.45557826175779,1.4044519075721027,0.9363673182141692,129.97296830103954,0.6819856102910167,0.49897197687219963,True
2730.2620488399375,0.93325996,6.586998797562586,2.7597563624182144,0.8069509034465532,156.31982310072863,-0.07323958341649581,0.41929025592487773,True
1794.7347649916146,0.93325996,64.15031132004735,3.7636699853065725,2.212196006047145,122.03442759279491,0.24065844251342774,0.5563158410794238,True
4045.3454073841385,0.93325996,-15.159439885441145,1.2881589819041823,1.322041177617112,95.51952614408023,0.2133991364369073,0.46108806924431395,True
4844.328776336311,0.93325996,0.2245695533835459,0.7681761342313012,1.3695763075085512,123.29783431692186,0.45157972178888783,0.4837215627877363,True
-126.35115880536387,0.93325996,-3.312179058717568,2.4912872116175673,0.13768529505435367,133.33441107889294,-0.016842354870673176,0.47788724861094584,True
4147.312091577544,0.93325996,17.55178722742341,2.3079061000914143,1.1604845350285535,137.17330967247676,0.08890379881392901,0.43571828548511227,True
5550.390566669244,0.93325996,-17.48470895776734,0.1314517938668036,0.03912867745332793,93.08301681426299,0.5749863231677396,0.518664836578228,True
1834.174332237414,0.93325996,12.307431725317457,2.54206229754757,1.869279051878879,105.54256168884548,0.09498013469210129,0.4941469926621568,True
1945.7146570696952,0.93325996,34.54394951568484,2.57750748944014,1.2089826794180973,129.77300520465215,0.1931520822328645,0.46428202539898,True
2524.2699415850075,0.93325996,44.1697892079393,3.020098530914667,1.5448924190138076,113.10782579978135,0.21092224923439562,0.49741660990648506,True
893.8607900186612,0.93325996,49.222075071680564,2.2489041808734385,1.2586780884464117,147.3702563774947,0.09840585381449676,0.47575656680929873,True
2732.43605203963,0.93325996,7.108196331119112,1.3540470153204054,1.1268924827753268,114.50278209453911,0.2574330766668897,0.4496803111624572,True
2704.5076352969745,0.93325996,-4.798749847654378,1.6367554347858126,1.4261217453484265,107.8923496529512,0.45562695183191265,0.491795795240991,True
3675.991784452246,0.93325996,-10.305725196557258,1.1261144579131606,0.7171934558549957,76.00804794609238,0.3686889816704109,0.45944441995914675,True
4370.324809805652,0.93325996,28.097077052373532,2.700354682917044,1.6656262137068691,96.22650866701494,0.2986394497509791,0.5142429594388128,True
1944.0538412749468,0.93325996,46.57089283516574,2.7127958091348408,2.150237252754178,132.60195484662046,0.19017163120737277,0.53139849293557,True
2055.831374959729,0.93325996,44.017711980639106,3.925869101414179,1.7023374801928122,105.49863536961756,-0.19573275014909128,0.5246296545569172,True
5685.79287511097,0.93325996,-11.268574071555701,1.0506225622023788,1.7379255672060983,73.36642466344458,0.5737368549621253,0.56299661326695,True
3039.677402167993,0.93325996,-6.849976594589592,0.6374319905211905,1.6731111059960582,93.09796432281925,0.680297600250981,0.542745164173785,True
3957.853600272847,0.93325996,-13.136069642957427,1.496733267804482,0.5078613187792091,119.9963904902026,0.20132149005826439,0.4379617172866295,True
2324.089888198907,0.93325996,18.371294829291365,2.825834463215143,1.2221262614020978,138.19385491422537,0.0748255559013293,0.440038526989576,True
5062.5130793316785,0.93325996,24.02846880570077,3.139269481903822,0.6150480322118792,126.28364654127127,-0.3498112804130412,0.4540952133112575,True
600.2959656960211,0.93325996,53.66743754377242,4.585154753988535,1.2286874115881414,96.1432321136576,-0.20424554069842835,0.5586773032540153,True
3311.1487037492593,0.93325996,47.14029113723128,3.392688150062396,0.3992680601873978,95.14740194045227,0.1882933287118837,0.5005111204937173,True
4079.015254494693,0.93325996,12.158018483514866,1.7653473953965368,0.615661809744662,134.79644018136364,0.5016467388076505,0.4846631608427168,True
4748.498473398622,0.93325996,11.20505818675979,1.6295285452528472,0.8940896175294726,112.96379052916477,0.4492479073873148,0.46711646299069226,True
1609.5761006139128,0.93325996,18.149412997709604,2.460542502890185,1.9767539029007213,141.71597090080047,0.0681068434498871,0.473329616824031,True
2574.4396704861056,0.93325996,-12.010409275898866,2.0141502155302455,1.3704259397498046,133.58382140501539,0.09264789483402519,0.4498342966048528,True
2595.767128464594,0.93325996,63.003134359318054,3.345654185340032,2.736297644955115,129.79061627393926,0.17787477594314868,0.5602823615030876,True
4686.434876040536,0.93325996,36.71255039742137,2.8332629935019753,1.3919866731856028,115.2279736026856,0.3510575326415785,0.5031433963109844,True
1447.607236588336,0.93325996,-10.994140896014958,1.5604206982790427,0.12166588610924589,75.4257277072701,0.21451207746505757,0.4958837309773848,True
823.0116834323803,0.93325996,3.501808519818068,3.006246181051454,0.6945216963822803,129.23629903845156,-0.03909753439848848,0.44053434569676597,True
3592.0352963756654,0.93325996,27.01970855985733,2.0167232502118315,1.419901993840139,105.48071342947989,0.2982988275484721,0.49548037351755125,True
3307.635903874956,0.93325996,5.188944786557908,1.5409930854073135,-0.04687203233393644,107.39525172545058,0.282585398587148,0.445624085031875,True
-2422.937607890237,0.93325996,57.15303698151982,3.681994725079792,1.8610207935765248,153.56178490683766,0.17955619513437543,0.5416443162179143,True
2018.4225601473452,0.93325996,19.05693266094663,1.7654365408163666,0.6205380346260343,117.01794444885498,0.4419137705393549,0.49391867433530745,True
1131.2367580875912,0.93325996,65.4387170466014,3.9634992468096644,1.1974346435313057,104.81920674243584,-0.06924334639926424,0.5364717678126639,True
2680.385118540999,0.93325996,33.04563789289787,3.19643706139516,1.3981403263505277,123.88019664861615,0.018013538898835946,0.4456320522670907,True
6627.810558894754,0.93325996,-12.535927377811287,0.9925435324933267,1.1524593806478636,91.1552489994411,0.30554249250891774,0.5068365271471346,True
6159.221286036007,0.93325996,-16.606744776972903,-0.06228839735180225,0.470251152044721,106.30987098740121,0.911547258046038,0.53203477670219,True
2729.9323641329356,0.93325996,18.174440224207615,2.9141574090900937,1.2102636438811296,125.8791481656016,-0.02325528606726604,0.4372559494940797,True
4662.864197916264,0.93325996,31.57524207852786,2.5053894101906424,1.3796749784974216,53.10507195897999,0.35333077562750487,0.559299173801788,True
3298.211859253536,0.93325996,-36.50677818744874,1.0068597211595713,0.7706763380901822,81.74973904157785,0.4660389823032107,0.4721572799040421,True
3712.178707186302,0.93325996,19.858365239037663,2.377490129552391,1.9955494331469181,116.04030475830018,0.3745930476440331,0.5275490463312854,True
3211.817417106303,0.93325996,-3.3790418490317826,1.7067368666784257,1.638093526819906,113.57912463879741,0.32086217139613965,0.4851920459328693,True
2606.0720887459274,0.93325996,70.95973211957812,4.065153171446939,1.0824118767027389,130.57722111364922,-0.03143889632362698,0.4922404759682709,True
6015.807783409131,0.93325996,1.3103687048292976,2.2724385634907853,1.5619315295386498,72.70290945048403,0.2058024882534441,0.5219397597754464,True
2102.922951291172,0.93325996,6.548352446139852,2.9848769328828073,1.5139917450792557,98.9563517342315,-0.09976712871432011,0.4808714319108389,True
4494.534910707068,0.93325996,50.62914862656739,3.732832624585417,0.8877079898714628,95.05352247812297,-0.2901243770021247,0.528293751913094,True
3269.806268200889,0.93325996,-9.546601812577244,0.8668495319363336,1.1368045585066,44.043213995627,0.6850115265021456,0.5477145862285477,True
2987.563967535136,0.93325996,38.53310433667228,2.225657787724884,1.1260446398865778,129.0293273292017,0.41613744431618027,0.4680413029974793,True
4977.829401175713,0.93325996,66.13629494062384,3.5161784250388064,0.9968609698015706,151.59101266728442,-0.15723362510828584,0.4995726736909879,True
6117.736060818679,0.93325996,35.62242926702109,2.3434605932090498,1.8351303468159026,113.15504802106129,0.17648901826355867,0.5474350503370004,True
3014.5616722422405,0.93325996,-9.558088564884208,0.3707919051581847,0.9606902586763605,141.79857126488818,0.6789088364059542,0.49480811425103965,True
1184.2853622084633,0.93325996,26.86714344209681,1.9930297800543277,1.3955692320880053,108.8648704021669,0.4096121935668171,0.5129451004096695,True
1915.9097525782597,0.93325996,60.78049424145634,2.9679564318677727,1.6860384518748066,158.76233237921704,0.24964803698132368,0.5047927006382674,True
3611.470499800371,0.93325996,31.27425822840255,3.5093315005228867,2.0051234997531773,123.01365444855367,0.0690695895797237,0.5065053821821581,True
-558.3817106112929,0.93325996,92.08900916918348,4.049405635283316,0.7492593258916611,116.23091680701067,0.391234304879166,0.5670360992128205,True
1203.529165479235,0.93325996,56.62435636812305,3.0354178228149835,2.3475637746659013,106.34766474039252,0.32819477997433655,0.5705977454495964,True
3163.3059247639,0.93325996,-3.5898180008700145,1.0682107250894786,0.3298756385448992,119.9972961364842,0.39919502370188004,0.4544598063593282,True
1863.3073440712583,0.93325996,30.423715730849658,2.8943436702856062,1.8781423656751142,123.35773121599192,0.24721852337135095,0.5026029811293884,True
2757.8065324858026,0.93325996,53.1109979623179,2.925418277573233,0.6122841466664761,134.30643052706208,0.2807006926503268,0.4702141320361778,True
